Gene,Position,,Size,Intergenic nucleotides,Codon,,
,From,To,,,Start,Stop,Strand,Sequence
cox3,1,642,642,,ATG,TAA,H,ATGAGTTGGTTGCCTATATATAAAGCTTGGGTGTTGATGGTTGGTATAGTTAGTGTGTTTTTATGGAAGTTAGTTGGTTTGTGAGTTTTTTTGTTTGTGGTTTTTGTTTCTTTGGTTTGGTTAATTAAGGAGTCTCTTTGTACTGTTAAGCATTATGCTACAGCTTTTTGGGTGTTTATTCTTAGGGAGGTGATTGTTTTTGGTACTCTTTTTTGTTTGTGTGTTATTACTGTGGAGGATGATTTGTCTCCTTTGTCTAGTCCTTTGGAGCTTCCTTTGTTAGGTTGTTTTATTTTGACTGGTTCTTCTGTTACCGTCACTACGTATCATCATTATTTGGGTTCTTATTATGGTCGTTTTTTTTTGTTACTGACTATAATTTTGGGTTTTGGTTTTTTGGTTTTGCAGATGTTTGAATTTTATGATTGTGATTGTGATTTTACTTTTTGTGTTTATGGGTCTGTTTGTTTTAGTATAGTTGGGTTGCATTTTTTGCATGTATTAGGGGGGCTTATTGCTTTGTGTTTTCTTTATTTCTTTGGTGATGTTGTTCCTGGATCTAATGTGGATTTTGTTGTTTGATATTGGCATTTTGTGGATTATATTTGGTTGTTTGTCTATTTGATAGTATATCTTTCCTAA
trnH,650,713,64,7,,,H,TCTTCTGTAGGTTAGTTTAAAATCGTCGGTTTGTGGTGTCGGAGAATTCTGTTGAGCGGGGGAA
cytb,715,1827,1113,1,ATG,TAG,H,ATGTTGGCTGTTATGCGAGGAAATGTTGTTGATTTGCCTACTAATATATCTTTGAGTTATTTTTGGTGTGGTGGTTTTATGATTAGAAGGTTTCTTATTGTTCAGGTGTTGTCTGGGGTTGTGTTGTCTTTGTTGTATGTGGCAGATAGGTTATTGAGGTTTGGTTGTGTTTTGGATTTTACTTCTGAGGGATTGTTTTTGTGATTGGTTCGTTATGCTCATATTTGGGGAGTTACTTTTATATTTTTGTTGTTTTTTGTTCATATGGGTCGTGCCCTGTATTATTCGAGTTATAGTAAGTTGGGGGTTTGGAATGTGGGGTTTGTTCTTTATTTGTTAATGATGGTTGAGGCTTTTTTGGGGTATATTTTGCCTTGGCATCAAATGTCTTTTTGGGCTGCTACTGTTTTGACTTCTGTTTTGCAAAGTGTTCCTTTTGTTGGTAGTGTTTTGTATGAGTATGTTGTTGGTGGGTTTTCTGTTACTAATACTATGTTGGTTCGTGTTTTTTCGGCGCATGTGTGTTTGGCTTTTGTTATTTTAGGATTTAGTGTCATTCATTTGTTTTATTTGCATAAGAGTGGTTCTAATAATCCTTTGTTTGTTTCTGGTGGTTATGGTGATGTGGTTTTTTTTCATTCGTTTTTTACTGGTAAGGATGGGTTTATGTTAATGTGTTTGTTGTTTCTTTTTGGATTATGTATGTTGGTGTTTCCTGATTTGGTTTTAGATGTGGAGAGTTATATTCAGGCAGATCCTATGGTTACTCCGGCTTCTATAAAGCCAGAGTGGTATTTTTTGTCTTTTTATGCGATGTTGCGGTCTGTTGAGTCTAAGGTTGGTGGTTTGGTTTTGGTCTTGGTGTTTTTGTTTTTGTTGTGGTTGCCTACTTTAAATAAGGCTTGTACTTATAGTGTGGGGCGTCAATATATTTTTTGGTGTGGTGTTTCTTGTTTTGTGTTGTTGACTTATTTGGGGGCTTGTCATCCGGAGCCTCCTTTTGTTTTTATAAGTAAGGTTGCTAGTTTGTTGATTGTTTTGTTGTTGGTTATGTTTAAGGGGTTGTGGTTGGTTCCTTATTCTGGCGGGTTTCCTCGTTGAGGGGGGGTTTAG
nad4L,1836,2108,273,8,GTG,TAG,H,GTGGTTGGGGGTTTGGTTAGAGTTTTGTATGTTGGTGTTTTGGTTATTATCTTTGGGTTTTTTTTGTCGTTGGGTCGTTTGTTAAATTGTTTGATTGTTGTTGAGAATCTTAATGTGTTGTTGTTGTTTGTTTGTCTTGTTGGTCAATGGGAGGAGTTTCGTATTGTTTTTATTGCTTTAATGGTGATTTTTACTATTGAGGTTACTTTGGGATTGGTTGTTTTAACTTGTTTGTGGGATTTCAGAAGTTTGATTGGTACTGTTGGTGTTTAG
nad4,2069,3337,1269,-40,GTG,TAG,H,GTGGGATTTCAGAAGTTTGATTGGTACTGTTGGTGTTTAGGTGTGGTTGGTTTAGTCTTATTTAAGGGTTTGTTGTTATTATCTGGTGTTGGTTTGTGGTTGTTGGGTTTATATTCTGTTGAATTTGGTGTTTTTGTTTTTGATTCTGTTAGGTTTTATTTTTGTTTATTATCTTTGTTTTTGGGTGTTTCGTTGTTTTTTGTGTTGGGGGAGCTTAGGATGGGTTCAAAGATTATGTTATCGCTTAGTTTGGTTTCGTCATTGTTGTGTTATTGTTGTGTGAAAGGTGTTTGGTTTTGATGTTTTTATGAGATGTCTATACTCCCTTTGTTGTTTTTGTTGATTTCTGAGTCTCCTTATTCTGAACGTTTTGTTGCTTCTTGGTACTTGTTGGGTTATGTTGTTTTTAGTAGTTTACCTATGCTTCTTTGTGTACTTTATCTTGGTGGTATTATGGGCAGTTATGGGATTCAGTCTTGGAGGGATAGTTCTGTAGGGTTTGGTGTTTTTATTGTATTGGCTGTGATGTTTATTACTAAGATTCCGCTTCCTCCTTTTCATGTGTGGTTACCTATAGTGCATGCTGAAGCTAGTAGTCCGGTATCTATGCTTTTAAGGGGGTATGTGATGAAGTTGGGTTTGTTAGGGGTTCTTCGTTTTTGCTATTTTGTTTTGTCGGATTTTGTTTTTAGGTATTGGTATGTTGGGTTGTCTTTAGTTTTTGCTGTGTTGTTTTTCTTTAGTGCTTCTCGGGAATTGGATGGTAAGCGTTGGTTGGCTTTTTTTAGGTTAGCTCACATTGTGGTAGTTTCGGTTTGTTTTAGGTTTTGTTGGTTTGATGAAGTTTCTTTGTCTTTGGTCTTATTTTTGCTTCGTGGGTTGACTGCTGGTGTTACTTTTATGCTTTTGTGGTTTCTTTATGAGGTTTCTGGTAGACGTAACTGGTTGTTATTGAAGTCTGCTGTTTCTGGTAGTTTAGTAGTTCGGTGTGTGTTGGTTATGTGTGTATGTAGTGTGGCTTCGATACCTCCGACTGTTAAATTTTTTTCTGAGGTAGTTATTTTGTCTGAGATAGGTTTTAGTTGATTGTTTTATTCTTTGTTATTTTGTGTGTACTTGTTTATTGGTGGCTTGGTTCCTGTTTTTTTATTAGGGTGTTTGTTGTGTCGTCATTGTACTATTGGGTTTGATCGGCGATATGTTGTGAGGTATGTTGGGGGTGTGGTGTTTATGGTGGTTTGGTGTTATATTATGTTTGTTGTGTTGTAG
trnQ,3339,3404,66,1,,,H,TGTAGTCTGGTGTGTTGTATGCATGTTATGTTTTGGTCATGGAGGTAATTTGGTAGTTGGCTGCAA
trnF,3420,3484,65,15,,,H,TCCTTCCTAGCTTATAGATTAAAGCGTTAGTTTGAAGAGCTGAAGTTACATATGTGGTGGTGGGA
trnM,3491,3556,66,6,,,H,AGAGGTGTAAGTTAAGGATTTAAACTGTGTGGTTCATGTTCATATAATACGATTTCGTCTCTTCTT
atp6,3557,4075,519,,ATG,TAG,H,ATGTTTGTTTCTCGGTTGGAGGTATTTTATGGGTTTGTGGTAGGGTTTGTGTCTGGGGGTTGAGGTGATTATTTATATCGGTTGTGTCTCTTTTTTTTATTATGTTGTTTTCTTTATCTTCGTTTGCCATATTTGTATGGGTTAATGGGATTTGGTCTTTTTTTGGTTTTTATGGTAGCTCCTCTTTTTTTGGCTTTGTTTTTGGGTCGGTTGGTAGATGTTGGGTTGTTTAGGTTTTTTAGTGGTTTTGTTCCTTTGGGCACTCCTCTGTGAATTGCTCCGTTCGTGTGTTTGGCTGAGACTTTGAGTTATATTGTTCGTCCGGTTGTTTTGCTTATTCGTCCTTTTGTTAATTTGACTATAGGTTCGTTAGGGGGTGTTGCTATAGGTGTATTGGGGTTGAAGTATGGTTTTGGTATTTTTATTTTTCTTATTGTTTTGTTTTTTTATGAAGTTTTTGTTGCGTTGGTGCATTGATTTATTGTTTGCAATATTCTTTCTTTTTCGGAAGATCATTAG
nad2,4088,4954,867,12,ATG,TAG,H,ATGCGTGGGGTAGTTATAGCCAGGTTTGGGGGTTTGGGTTTGGTAGTTTTTAGTGTGTTGGTTTTTTCTGTGGGGAATCTTTCTCTTTTTTGGTTGTTCTTGGAGTTGTCTACTTTATCGGTAGTGCCCCTATTTTTTTTGTTTGGTAATCCTTGGTGTTTGTCTGGTTTGTTTAAATATATTATTGCTTCTAGGGTGTCTTCCTCTTTAGTTTTGTGTGGTATTATGAGTAGGAGTTTGTTATTTATGCTTATTATAGGGTTGTTGCTTAAGTTTGGTCTTTTCCCGTTATGGGGCTGGGTGTATAATGTGAGTTTGAGTTCTAATTGGTTGGTTGTTTGGTCGTTGTCTACTTTCTTGAAGGCTCCGATTTTTTTTTTGCCCTTTTTTTTGGCTGGGGGAGGTTGTTTTTTGGTTAATATTCTGTGTTGTTTGAGGTTTTTAGGTTTGTCTGTTCTTTTTTGGTTTTATACTTACAGTTGGTTTTATTGTTGGTGTCATATGATGTTGTCTTCTAGTGCTGCTTTGGTTGCTATGTCCTTTGTTTTGTCTTCGGATGTTTTATTTTTGGTGTTTTTTGTTTATTGTTTGTGGGGTTCTTTTGTTATTGGGTTTTTGAGTTGTTGTAGTGAGTCTTGGTTTGGTGGTGTTTTGGGTTATTTCTTTTTTTGTTTTCTTTTGTTGTCTATTCCTATTTCTTTTTCTATTTTCTATAAGTTGGTTATGGTGTCTGGTATTTTTTGTTGTTGGTTTGCTGTGTTGGTGTCTTGGGTTGTTTATAGGGTTTCTGAGCAATGTTATTTGTTGAAGTTTGTTATGAGTTTTGATTTGCCTAAGAGTGTTTTTGGTGGTTTATCTGTTGTTTAG
trnV,4959,5021,63,4,,,H,GGCAATTTAGTTTAATTTTAGAATTCCTGTTTTACACATAGGGGGAGAGCTTTTCTGTTGTCA
trnA,5035,5099,65,13,,,H,GACGGTATAGTTTAAGTTAAGATGTGTGCTCTGCGAGCGTTCGGTGGAGGTTTCTCTTATCGTTG
trnD,5103,5167,65,3,,,H,TCATTTCTGGTCTATTTTAGGATGTCGTTTTGTCGTAGCGGTGGAGTATGTTTTTACGGGATGAG
nad1,5171,6073,903,3,GTG,TAG,H,GTGGTTTTGTTTTTGAAATTTCTTTATTTGGGGTTTAGGAGGTTTTTTGCTTTTGTTATGATTATGGTTTTTGTTGCTTTTTTTATACTTGGTGAGCGTAAGGTGTTGGGTTATATGCAGATTCGTAAGGGTCCTAATAAGGTTGGTTTGTGGGGTCTGTTGCAGAGATTTGCTGATTTGATGAAGTTGGTTATAAAGTTTAAGTTTGTGTTTTTTCAGAATCGTAGTTGGTTGTCTTGGTGAGGGGTTTATTTGTTGGTTTTGTTGGCTTGTGGTTATTGTTTGTTGTTTTTTCTTAGGTTTGGGGGTGTTAGTAGTGTTAAATTTATGTTGTGGTTTTTGGTTGTTACGAGTATGACTGGTTATAGTCTGTTGAGTGTTGGTTGGGGTTGTTATAATAAGTTTGCTTTGGTGAGTTGTGTTCGTTCTGCTTTTGGGTCGGTTAGTTTTGAGGCTTGTTTTATGTGTGTTGTCGTTTTAGTTGCTTTGGTTTGGGGGAGTTATGGTGCTTTTAGGTTATTTAGGGGGTTTGGTGGTATGTGGCTGGTTGTTCCTGTGGTTTATGGTTTGTGGTTGGTTGGTATATTGTGTGAGTGTAATCGTACTCCTTTGGATTATGCTGAGGCGGAGAGGGAGTTAGTTAGTGGTTTGAATACGGAGTATTGTAATGTTCCGTTTACTTGTTTGTTTGCTTGTGAGTATTTGGTTATGGTAATCTTTTCTTGAATTTCTTCTCTTTTGTTTTGGGGTGGAGGGTTTGTTCTGGGTTTGGCTTTGTTTCATGTTATGTTTTTTGTTTGAGCTCGTGCTACTTTGCCTCGTGTGCGATATGATTATTTTGTTACTTTTATGTGGCGTTATGCTCTTTTAGTGTTGGTGTTTTCTTTTTTTTGTGTTATTTAG
trnN,6079,6146,68,5,,,H,GTCCGCGTAGATTATTTTTGTTAAATCGTTAGGCTGTTAACTTTGAGATGGTATTTTACCCGTGAACG
trnP,6152,6220,69,5,,,H,CAGTTTAGTAGTTTAATTGAAGAATTCTAGCTTTGGGGGTTAGGGGTCTCTGGTTTGTGAGTTGACTGG
trnI,6221,6282,62,,,,H,CCGGTAGGGCTGCGGTAGCAGGTTACTGTGATATAGTAATGGTGGGATTTTTCTTCGTCGGT
trnK,6287,6352,66,4,,,H,CTGGGGGTAGCTTAAGGTTAAAGTTTGGAATTCTTACTTCTAGGATATCTGTTTTGATTCTTCAGG
nad3,6353,6709,357,,ATG,TAG,H,ATGCTGTTTTTTGCTGTTTTGGGGTTGTTGTTTTTTTTGGTTTTTTTTTTGGTATTGGTGTTTCATGCTTTTTTTTGGAATTTGGATTTGGGGGTTTTTTCTGGTGAGCGTTCTTGAGTTAGTTCGTTTGAATGCGGGTTTTTGTCTCAGCGTGTTACTGAAAATTATTTTAGTTATACTTACTTCATTCTTTTGGTGTTTTTTGTTGTTTTTGATCTTGAGGTTTCTTTGTTGTTGAAAATGCCTCTGCAGGGTGTGTTGTATAAGAAATTTTTTGGTTATTTGATGTTTTTGTTTTTGTTGGGGGTTGGTTTTTTTGTGGAGGTTCGTCGTGGCTATGTTCGTTGAACTTATTAG
trnS2,6714,6768,55,4,,,H,GAGGATTTTTTGGTTGTCGCTGCTAACGATGATTTGGGTTTTGGCTCGATTCTCT
trnW,6771,6833,63,2,,,H,AGTGATCTAGGTTAGTTTTGACTGTCTGTTTTCAAAATAGGAGGTGGCTTTGGTCGGTTACTG
cox1,6837,8378,1542,3,GTG,TAG,H,GTGAATTATATTAGTTGATTGTTTACGTTAGATCATAAGCGTGTTGGTTTGATTTATATGTTGATTGGTCTTTGGGGTGGATTTTTTGGTCTTTCTTTGAGTATTTTGGTTCGTTTGAATTATTTGGATCCTTATTTTAATTTGGTGTCCCCTGAGGTTTATAATTATGTTGTGACGGGACATGGGGTTATTATGATTTTTTTCTTTTTGATGCCTGTGTTGATTGGGGGGTTTGGTAATTATTTATTGCCTTTGCTTTTGGGTATTCCTGATTTGAATTTACCTCGTTTAAATGCTTTGAGTGCTTGGTTGTTGCTTCCTGCTTGTGTTTGTTTGTCGTTTGGTTTGATGGGGGGTATGGGTGTTGGTTGGACTTTCTATCCTCCTCTTTCTAGATTGGATTTTTCTGGTTGGGGAGTTGATTTTTTAATGTTTTCTCTTCATTTGGCTGGTGTTTCTAGTCTTTTGGGTTCTATTAAATTTATTTGTACTATTTTGGAGGTTATGTTGGGTGAGGGTATTGGTCGTCATAGTATTTTAGTTCGGGCTTATTTGTTTACTTCTATTTTGTTGTTATTGTCTTTGCCGGTTTTAGCTGCTGCTATTACTATGTTGTTGTTTGATCGTAAATTTAGTTCTGCTTTTTTTGATCCTATGGGGGGTGGTGATCCTGTCTTATTTCAGCATTTGTTTTGGTTTATTGGTCATCCGGAAGTTTATGCTTTGATTTTGCCTGGGTTTGGAGTTATTAGTCATATTTGTATGACTTTGACTAATAATGATTCTTTATTTGGTTATTATGGTCTTATTTTGGCTATGGCTGCTATAGTATGTTTGGGTAGTGTTGTTTGGGCTCATCATATGTTTATGGTGGGTTTGGATGTACATACTGCTGTTTTTTTTAGTTCTGTTACTATGGTTATTGGTATCCCTACCGGGATTAAGGTTTTTTCTTGGTTAATAATGTTGGGGGGTGGTAGTTCTGTTCGTATTTGGGATCCTGTTGTATGATGGATTGTTGGTTTTGTTGTTTTGTTTACTATTGGTGGGGTTACTGGTATTATGCTTTCTGCTTCTCTTTTGGATACGTTGCTTCATGATACGTGGTTTGTGGTTGCTCATTTTCATTATGTTCTTTCTTTAGGTTCTTATAGTAGTGTTGTTATCTCTTTTATTTGGTGGTGGCCTATTGTTACGGGTTATAGGTTGAATCTTTTTATGTTGCAGGGGCATTGGTTTGTTTCCATGGTTGGGTTTAATATGTGTTTTTTCCCTATGCATTATCTTGGTATGTGTGGTTTGCCGCGTCGTGTTTGTGTTTATGATCCTGATTTTTATTGGCTTAGTGTTGTTTCTAGAGTAGGTGCTTTTATTTCTGCTGGTAGTGCTTTTTTGTTTTTGTTTGTTTTGTGGGAGTCTTTTGTTGTTGGTAATTGTGTTGTTTCGTCTTGAGGTAGCAGTTCGTTAGTATTGAATGTTATTACTTTGCCTGGCCCTCAGCATAATAGTTATATGAATGGTGCGGGTCGTTGAGTTTTTTAG
trnT,8391,8458,68,12,,,H,GGAGGGTTAGTTTAAGTATTTTAAGAATCTTGTTTTTGTAAAGCAGGGGTGGTTTTTGCTGCCTTCCA
rrnL,8460,9445,986,1,,,H,GGTTTGGTTTGCTGTGAGGTTGGTTTTATTTGGGTTTCGTTGTTTGTGTTACCTTTTGCATCATGATTTATTGATTTTTGTTTGGATAATTGTTTCCGAAGGGTACTGATTTTTGTTTTGCTTGCTTGGAGTTGTTTGGTAGTGAGTAACTTTCTGTAGAGCTTAGCTGAGGTTGTGATAAGTGATTCGGAGTGCCTGATATCTGATTTTGAGTAGATTTTGTTGTTATATTGCGGTTTGGTTATGATATCAGGTCGTGGGTAAGATCTAGGTTGTGTGCTTTTTATTACAGAGATTAGAGTTCTCTTTGTTTTATGTGTGTGTTATGATTCATTGTTTGTAGTTTTTATGTGGTTTATGTGGGTCTACTTTTGGTTAATATGGTTGGATAATGGTAGAATAAGTAGGTGTTGTGATTGGTCTTGTTTTTTCTCGGCTGTTCTCGGTCTGTTTATTAAAAACATTTCTATTCGGATTTATGGATAGTAGTGCCTGCCCAGTGCTTTGTAAATGGCCGCAGTATTTTGACTGTGCTAAGGTAGCATAATTAGTTGCCTCATAATTGGAGGATTGTTTGAAAGGTTTGACTTGGGAATTTGGCTAGATTTGGGCTTGGGCTGAAATTGGAGTTGGGGTGCAGATTCCTCGGTTTGTTAATAAGACGGAAAGACCCCGAGATCTTTATATTGTGTTATTTGTTTGGGGCAAAATGTTATGTTTTATGTGATTTTTGATCCTAAAGGATAGAAGGTTTGAGTTACCTCGGGGATAACTAGGTAAAAAATAAGGAGAGGTCGGATCGATTTATTTTATTGCTATCTCGATGTTGACTTGGGGAAAAATAAGGGGGTGTAGGAGTTTCTTTGTTGGGTCTGTTCGACCGTAGTTTCCCTCATGAGTTGAGTTAAGACCGGTGTGAGCCAGGTCGGTTCTTATCTATTGGTGGTGCGGATTAGTACGAAAGGATTGTTTGTGCTTTAGGTTAT
trnC,9446,9510,65,,,,H,GAGCGTGACGCCTGTAGGCGTGTTACTTTGCAAAGGTATTATAGGTGTTTTAGTGCCCTCGCTTT
rrnS,9511,10279,769,,,,H,ATATCTATTTAATCCTGGTTGTGGGAGGGTCAAGAGCAGGTTTACATAAGAAGGTTTTGGTAGTTTGATGTAGTTTGAGTAGTTGCGTTTTTCTTAGTAGTTAGAGCTTTATGTTGAGGGTAACCTTGATTGGGCTGTTCTTGAATGGAGTGGTGGATACTCAGTGCCAGCATCCGCGGTTATTCTGTTAGCTTCTTCTCCTGGCTGGTTGGTGTAAAGTATTTGGAGCTAAGATTTAGGTTTGAGTATAATCTTCCTTTTGTTGATATTATGTTCTAGTTATTTTAATTCGTTTTTTATAAAAGAGGATTAGATACCCTTGTATAGGCGGTTTAAGTTTGCTTCCTTAGTATAAACTAAAAGGATTTGGCAGCTGATGAGATTCTGCCGGGGGAACGTGTATCGTAATAGATAGTCCACTTAGTAGTTGACCTCTTTTAGTTTTGTTAGTGTATATCCGGTTTAATATTTGTGGTTAGTGCCATTGAGTGTAATTTTTATTATTTAAGCCAGGTCAATGTGCTGCTAATATTGAGGGGTTTATGCGTTACTTTGTTAAAATTGTTGTTGTGTGATTTGTGGCAGCTGTATTTAGGACTCGGAAGTAGGTAGGGTGTTTGTTTATGGTAGTTAGGTTTTCCTATCGAATGAGATTTAGTTGGGGTACACACCGCCCGTCACCCAGGGTGTTAGCTGTGGTAAGTCGTAACATGGTAATGCTGGGGGAACCCGGTATTAGTTGTCTTGTAAGTTTATATTATGGGCTATA
cox2,10280,10882,603,,ATG,TAA,H,ATGGTTTTTACTAAAGTACTTTATATGGATTTGATAATTTATATCTTGTTGATTTGTTCTTTTATTCCTATTTGGGTTTTTGTTGTTTTAGCTTGGCAGTTGTTTGGATCTAATACTGTGGCATCCCATAAAAAAGAGAGGGATGTTGTTGAGTTTTTTTGGACGGTAGTTCCGTCGAGTTGTGTTATTGTTTTGTGTTATTATAACTTGAAATGTATATCTTATGATATGTTGGATATTCCGAGTAAGATTATAAAGGTTGTTGGTCGTCAGTGGTATTGGAGTTATGATGTTGAGAGAGAGGGTGAGGAGTTTGATTCGGTTATGAGGGATTTTGTTATGGGTGTTGATAAGCCTCTTCGGATGGTTCGGGGTAGTTTTTATCAGCTTATGGTTACTTCTTCGGATGTTATTCATTCTTTTTCTGTTCCAGAGTTTAATATAAAGACTGATGCGATTCCGGGACGATTGAATTGTGTTTCTTATTGTCCGGGTCATTTAGGTGTTTATGTGGGTTATTGTACGGAGTTGTGTGGTGCTGGTCACGCATATATGCCTATTGTAATTGAGGTAGTTATGCCGGGTGAATATGAGAACTGTTAA
nad6,10929,11381,453,46,ATG,TAG,H,ATGTTGTCTGCTATACTTGCTAGGGTTTACTTTAGTTGTCTTTTGGGGTTTTCATTTGTTTCTCACCCTGTGGTTTATTGTTTGTTGTTGATAGGGGCTGCTTTGAGTATTTCTGGATTGGGTTATTTGGTTGTAGGGTTTAGTTGATATTTGGTGGTTTTTTGTTTAGTTTATGTAGGCGGTGTTTATGTGTTGTTTATATTCGTTTCTATTCATACACCTAACCCTCTGCCTAATTTTAGGGGTATTGGTGTTGATGGGTTGGTGTTGTTTTTTGGGTTTCTGTGTGTTTTTGCTTTCACCTTTTTTTCTGTCCCCTCTTTATGTGATAGTAGGTTTTATCTTTGTTCTAGGTTTGAGGGTGTTTCGTATTGTTTGTTTTGTTTAGTTTTGATGGTTGGTTTTGTTTGTGTTAGTGTTGTGGTTAGTTCTGGGGGTGGGTTTTTTCGTTAG
trnY,11389,11445,57,7,,,H,GCTGGTTTAGTATAAGTTTAGTGCGTGGGATTGTAGCTTCTGAGGTAGCGGTTAGGT
trnL1,11456,11520,65,10,,,H,TCTGGAGTGCCAGATTTTATGGGTTTGGTTTAGGATCATATTATGGCGTATTTTGTCCTCTGGGC
trnS1,11521,11579,59,,,,H,GTGTATGGTTTTCTTGAGTGATTTGAAGTCATTCTTCTCATATTTGTTTATGATGCTCG
trnL2,11588,11651,64,8,,,H,GCATGAGTGCCAGATTATATGGGTTGGTTTTAAGCATCAAATATGGGGTTTGTCCCCTTGTGTG
trnR,11653,11718,66,1,,,H,GGTTTGATATCCTTTTGCGTTTACGTTTCGGCCGTAGATTTGGAGTTTTTTGCTTCTATCAAAGGT
nad5,11717,13282,1566,-2,GTG,TAG,H,GTGTTGTTGTGTTTTTTATTTTTGGGAATGTGTGTTTTTTGGTTAGGTGGTTTTGGGGGATTGTTGGGGTGTTTTAAAGTTTTAGGTTATGATAGTTATGGTAGCTTTGGGTTTATGGTTGATTCTGTGGGGGTTGGTTGTTTTTTTATGTTGCTTTGTTGTGGTTCTGTGGCTTTGGTTTATTGTTTTCATTATTTTGGTGGGAGGTCTGTAGCTGTTTTGTTGTTTCCGTTGATGGTTTGGTTTTTGGGTGTTATGGGTATTTTGGTTTTTAGTTCTTCTTTGTTGTTTTCTTTGGTTTTTTGGGAGTATTTGGGTTTGGTTAGGTTTTTTTTAATTTTGTTTTATTCCAAAATGAGTAGTTTACGAGCTTCTTTGGTGACTCTTTTTGCTTCTCGGTTTGGCGATGTTTCTGTGTTTGGTATGTTGATGTGGGTTAGTTGGTGGGAGGATTTTTCTAGGTTGGTTTTTGTTTTATTTTACTTGTTGGTGGTTATGACTAAGAGTGCTTGTTTTCCTTTTATTTCTTGGTTGTTGGAAGCTATGCGTGCTCCTACTCCTGTTAGGTCTTTGGTACATTCTTCTACTTTGGTTGCTGCTGGGGTTTGATTTTTTTTGCGATATGGTTGTTGAAGTAGTTTTTGGGTGGATTTGTGGTTAGTTTTTTTTTGTTTTCTTACGATCATTATAACGGCCTTGTCTGCTATTGTTTTTATGGATTTGAAGAAGATTGTTGCTTTGTCTACTTGTAATAAAATTTCTTGGTGTATTGTCTTTTTTATTTGTGGGGATTTGTGTTTGGCGTTGTTGCAGTTAGTTACTCATGGTTTGTGTAAGTGTTATTTATTTATGAGTGTTGGGGATTTGATGGGTCAGTCTGGTTCTAGCCAGAGTTCTGTTGGTGTTTATTTAGGTCGTTATAGGGGTCGTTTTTTGCCTTTAGTTCAGGGGTTTTTAGTTTTGTCGTTGTGTGGGTTGCCGTTTTTGGGTGTTTTTTTTTCTAAGCATTCTCTTTTTTCTTTGTTGTTATATGAGGGGGGGTTTGGCTTGGTTTTTATATGTTTTTTTTCTCTTTTTTTGTCTTATGTTTATTCTGTTCGGTTTGTGTTGTTGTTGCTTGGTTCTGTAGGGGGTTTGAGTTTTGGTGTTTCTAGTCTTTTTTTAGTTGTTTGCCCTTTGGTTTTTTGTGGTGGGGTGTTGAATTATTTGGGGGATTTGTTGGGTTTGGAGGTTGTTAGGGTTTCATGATTTGGTTCTTTGGTTGTTTTGGGGGTTCAGGGGTTTGGTTGTTTATTTGGTTGGTTGTTGTATTGATGTTGGATGGGAGAGGGAGTTTGGAGTTCTGTTCTTTGAGGGGGAGAGGGTTATGTTTCTTTGGTTTATAGTTGGTTTGGTTTTATTAGTGAGATTTGTTTTGTTTCTTTTTATCGTTGGGAAGTTTATTTATTGGATGTTTTTTTGGGTTTAGGTGTGTGGCGTTGATTATTGTTTCGTGGTTCTTTTTTTTCTATTAGTTTTGTAGTATTGGGGTTGGTTTATTTGTTCCTTGTTTCTTATTTCTTATAG
trnE,13305,13372,68,22,,,H,GTCGATTAAGTGTTGTTTTTACATATCAGTTTTTCGTATTGAGGTGGGTCTGTTTTGATCATTCGATA
trnG,13549,13612,64,176,,,H,GTTTCGGTAGTATAATTTAGTATTTCGTCTTTCCAAGTCGGTGGTCTAGTTTTTAGTCGATGCA
Overlap:,2,gap:,26