AA,Codon,Count,RSCU,Fill,Equality,%AT,aaRatio
Phe,UUU,366,1.89,1,-0.5,11.03,
Phe,UUC,22,0.11,2,-0.5,0.66,11.74
Leu2,UUA,385,4.41,1,-0.5,11.61,
Leu2,UUG,52,0.60,2,-0.5,1.57,13.22
Leu1,CUU,43,0.49,1,-0.5,1.30,
Leu1,CUC,1,0.01,2,-0.5,0.03,
Leu1,CUA,35,0.40,3,-0.5,1.06,
Leu1,CUG,8,0.09,4,-0.5,0.24,2.63
Ile,AUU,193,1.50,1,-0.5,5.82,
Ile,AUC,14,0.11,2,-0.5,0.42,
Ile,AUA,178,1.39,3,-0.5,5.37,11.65
Met,AUG,86,1.00,1,-0.5,2.59,2.60
Val,GUU,119,2.12,1,-0.5,3.59,
Val,GUC,4,0.07,2,-0.5,0.12,
Val,GUA,79,1.41,3,-0.5,2.38,
Val,GUG,22,0.39,4,-0.5,0.66,6.78
Ser2,UCU,101,2.46,1,-0.5,3.04,
Ser2,UCC,10,0.24,2,-0.5,0.30,
Ser2,UCA,36,0.88,3,-0.5,1.09,
Ser2,UCG,3,0.07,4,-0.5,0.09,4.54
Pro,CCU,61,2.94,1,-0.5,1.84,
Pro,CCC,4,0.19,2,-0.5,0.12,
Pro,CCA,16,0.77,3,-0.5,0.48,
Pro,CCG,2,0.10,4,-0.5,0.06,2.51
Thr,ACU,65,2.17,1,-0.5,1.96,
Thr,ACC,14,0.47,2,-0.5,0.42,
Thr,ACA,34,1.13,3,-0.5,1.03,
Thr,ACG,7,0.23,4,-0.5,0.21,3.63
Ala,GCU,66,2.72,1,-0.5,1.99,
Ala,GCC,9,0.37,2,-0.5,0.27,
Ala,GCA,18,0.74,3,-0.5,0.54,
Ala,GCG,4,0.16,4,-0.5,0.12,2.93
Tyr,UAU,177,1.82,1,-0.5,5.34,
Tyr,UAC,18,0.18,2,-0.5,0.54,5.90,
His,CAU,45,1.58,1,-0.5,1.36,
His,CAC,12,0.42,2,-0.5,0.36,1.72
Gln,CAA,24,1.30,1,-0.5,0.72,
Gln,CAG,13,0.70,2,-0.5,0.39,1.12
Asn,AAU,124,1.54,1,-0.5,3.74,
Asn,AAC,16,0.20,2,-0.5,0.48,
Asn,AAA,102,1.26,3,-0.5,3.08,7.32
Lys,AAG,55,1.00,1,-0.5,1.66,1.66
Asp,GAU,53,1.83,1,-0.5,1.60,
Asp,GAC,5,0.17,2,-0.5,0.15,1.75
Glu,GAA,49,1.48,1,-0.5,1.48,
Glu,GAG,17,0.52,2,-0.5,0.51,2.00
Cys,UGU,78,1.81,1,-0.5,2.35,
Cys,UGC,8,0.19,2,-0.5,0.24,2.60
Trp,UGA,54,1.50,1,-0.5,1.63,
Trp,UGG,18,0.50,2,-0.5,0.54,2.18
Arg,CGU,26,2.48,1,-0.5,0.78,
Arg,CGC,2,0.19,2,-0.5,0.06,
Arg,CGA,12,1.14,3,-0.5,0.36,
Arg,CGG,2,0.19,4,-0.5,0.06,1.27
Ser1,AGU,100,2.43,1,-0.5,3.01,
Ser1,AGC,10,0.24,2,-0.5,0.30,
Ser1,AGA,55,1.34,3,-0.5,1.66,
Ser1,AGG,14,0.34,4,-0.5,0.42,5.42
Gly,GGU,108,2.72,1,-0.5,3.26,
Gly,GGC,5,0.13,2,-0.5,0.15,
Gly,GGA,34,0.86,3,-0.5,1.03,
Gly,GGG,12,0.30,4,-0.5,0.36,4.81
