AA,Codon,Count,RSCU,Fill,Equality,%AT,aaRatio
Phe,UUU,331,1.92,1,-0.5,10.00,
Phe,UUC,13,0.08,2,-0.5,0.39,10.43
Leu2,UUA,298,3.49,1,-0.5,9.00,
Leu2,UUG,103,1.21,2,-0.5,3.11,12.16
Leu1,CUU,48,0.56,1,-0.5,1.45,
Leu1,CUC,1,0.01,2,-0.5,0.03,
Leu1,CUA,42,0.49,3,-0.5,1.27,
Leu1,CUG,20,0.23,4,-0.5,0.60,3.36
Ile,AUU,195,1.85,1,-0.5,5.89,
Ile,AUC,15,0.14,2,-0.5,0.45,
Ile,AUA,107,1.01,3,-0.5,3.23,9.61
Met,AUG,81,1.00,1,-0.5,2.45,2.46
Val,GUU,149,1.92,1,-0.5,4.50,
Val,GUC,8,0.10,2,-0.5,0.24,
Val,GUA,93,1.20,3,-0.5,2.81,
Val,GUG,61,0.78,4,-0.5,1.84,9.43
Ser2,UCU,108,2.46,1,-0.5,3.26,
Ser2,UCC,8,0.18,2,-0.5,0.24,
Ser2,UCA,22,0.50,3,-0.5,0.66,
Ser2,UCG,10,0.23,4,-0.5,0.30,4.49
Pro,CCU,23,1.14,1,-0.5,0.69,
Pro,CCC,8,0.40,2,-0.5,0.24,
Pro,CCA,37,1.83,3,-0.5,1.12,
Pro,CCG,13,0.64,4,-0.5,0.39,2.46
Thr,ACU,50,1.69,1,-0.5,1.51,
Thr,ACC,8,0.27,2,-0.5,0.24,
Thr,ACA,44,1.49,3,-0.5,1.33,
Thr,ACG,16,0.54,4,-0.5,0.48,3.58
Ala,GCU,87,2.52,1,-0.5,2.63,
Ala,GCC,13,0.38,2,-0.5,0.39,
Ala,GCA,29,0.84,3,-0.5,0.88,
Ala,GCG,9,0.26,4,-0.5,0.27,4.18
Tyr,UAU,144,1.69,1,-0.5,4.35,
Tyr,UAC,26,0.31,2,-0.5,0.79,5.15,
His,CAU,38,1.46,1,-0.5,1.15,
His,CAC,14,0.54,2,-0.5,0.42,1.58
Gln,CAA,19,0.93,1,-0.5,0.57,
Gln,CAG,22,1.07,2,-0.5,0.66,1.24
Asn,AAU,68,1.65,1,-0.5,2.05,
Asn,AAC,13,0.31,2,-0.5,0.39,
Asn,AAA,43,1.04,3,-0.5,1.30,3.76
Lys,AAG,53,1.00,1,-0.5,1.60,1.61
Asp,GAU,56,1.65,1,-0.5,1.69,
Asp,GAC,12,0.35,2,-0.5,0.36,2.06
Glu,GAA,25,0.70,1,-0.5,0.76,
Glu,GAG,46,1.30,2,-0.5,1.39,2.15
Cys,UGU,85,1.68,1,-0.5,2.57,
Cys,UGC,16,0.32,2,-0.5,0.48,3.06
Trp,UGA,43,0.92,1,-0.5,1.30,
Trp,UGG,50,1.08,2,-0.5,1.51,2.82
Arg,CGU,31,2.48,1,-0.5,0.94,
Arg,CGC,0,0.00,2,-0.5,0.00,
Arg,CGA,8,0.64,3,-0.5,0.24,
Arg,CGG,11,0.88,4,-0.5,0.33,1.52
Ser1,AGU,97,2.21,1,-0.5,2.93,
Ser1,AGC,25,0.57,2,-0.5,0.76,
Ser1,AGA,32,0.73,3,-0.5,0.97,
Ser1,AGG,49,1.12,4,-0.5,1.48,6.15
Gly,GGU,145,2.60,1,-0.5,4.38,
Gly,GGC,13,0.23,2,-0.5,0.39,
Gly,GGA,20,0.36,3,-0.5,0.60,
Gly,GGG,45,0.81,4,-0.5,1.36,6.76
